Query,Last 28 days Clicks,Previous 28 days Clicks,Last 28 days Impressions,Previous 28 days Impressions,Last 28 days CTR,Previous 28 days CTR,Last 28 days Position,Previous 28 days Position
muebles de baño,4819,2639,47948,31820,10.05%,8.29%,2.71,2.86
estufas de pellets,3647,2652,18943,16076,19.25%,16.5%,1.1,1.16
aire acondicionado,3412,2075,37259,23182,9.16%,8.95%,3.68,3.11
suelo vinilico,3182,1677,15208,9561,20.92%,17.54%,1.17,1.12
campana extractora,3073,1974,28798,20364,10.67%,9.69%,1.78,1.66
estufa de pellets,2967,2179,19046,17095,15.58%,12.75%,1.1,1.44
termo electrico,2965,2021,19384,14213,15.3%,14.22%,1.71,1.51
cesped artificial,2951,1654,16465,10598,17.92%,15.61%,1.98,2.19
platos de ducha,2800,1422,16878,11176,16.59%,12.72%,1.1,1.36
lamparas de techo,2696,1755,62150,41763,4.34%,4.2%,2.43,2.37
papel pintado,2695,1642,35671,23185,7.56%,7.08%,3.35,3.11
muebles de cocina,2695,1626,26994,20228,9.98%,8.04%,5.32,5.47
estufa pellets,2687,2203,16501,15282,16.28%,14.42%,1.18,1.27
cocinas,2401,1265,42984,29382,5.59%,4.31%,3.77,4.33
mampara ducha,2327,1341,14013,9167,16.61%,14.63%,1.28,1.27
lamparas de pie,2242,1425,19187,14946,11.68%,9.53%,2.08,2.51
ventanas pvc,2172,1165,14071,9314,15.44%,12.51%,3.05,3.89
estufas de gas,2154,1664,17676,15991,12.19%,10.41%,1.58,1.74
estanterias metalicas,2125,1466,16160,11365,13.15%,12.9%,2.65,2.94
puertas de interior,2121,1104,14770,9280,14.36%,11.9%,1.98,1.6
puertas correderas,2105,1368,23580,16527,8.93%,8.28%,1.86,1.87
cortinas,2056,1329,25179,18641,8.17%,7.13%,3.25,3.71
estufas de leña,2031,1635,23150,21337,8.77%,7.66%,1.79,2.04
campanas extractoras,1988,1239,16118,10941,12.33%,11.32%,1.77,1.89
mamparas de ducha,1874,1308,13218,10940,14.18%,11.96%,1.89,1.97
ventanas de aluminio,1868,1004,16353,10042,11.42%,10%,4.63,5.23
grifos de cocina,1808,1251,11618,8687,15.56%,14.4%,1.16,1.17
pintura antihumedad,1763,925,6799,4468,25.93%,20.7%,2.32,3.39
calentador electrico,1740,1264,14076,11222,12.36%,11.26%,2.36,2.36
termos electricos,1653,1113,9329,6859,17.72%,16.23%,1.38,1.34
panel sandwich,1628,967,14909,10561,10.92%,9.16%,2.39,2.95
encimeras de cocina,1619,1355,10781,8569,15.02%,15.81%,2.17,1.92
cocinas baratas,1601,691,11098,7060,14.43%,9.79%,4.68,6.64
tableros de madera,1574,1031,7162,5592,21.98%,18.44%,2.56,2.46
fundas nordicas,1530,1078,28395,18664,5.39%,5.78%,7.94,7.2
puertas de entrada,1517,763,8581,5287,17.68%,14.43%,1.55,2.26
chimenea electrica,1515,1039,15255,14875,9.93%,6.98%,1.48,1.66
pintura para azulejos,1480,703,9045,5335,16.36%,13.18%,2.85,3.03
lery merlin,1444,987,2035,1464,70.96%,67.42%,4.13,4.47
casetas de jardin,1438,823,9661,7273,14.88%,11.32%,1.3,1.24
alfombras,1435,1034,22108,17265,6.49%,5.99%,4.46,5.07
calderas de gas,1421,1037,13552,10397,10.49%,9.97%,2.6,2.48
muebles baño,1417,912,13522,8829,10.48%,10.33%,2.4,2.41
papel de pared,1413,759,10413,6794,13.57%,11.17%,1.86,2.48
listones de madera,1411,808,8783,6363,16.07%,12.7%,3.18,3.59
estores,1407,803,17153,11729,8.2%,6.85%,2.75,2.93
toallero electrico,1383,1030,8076,6199,17.12%,16.62%,1.42,1.26
alfombras vinilicas,1364,825,7767,5801,17.56%,14.22%,1.12,1.92
leroi merlin,1354,1063,2452,1828,55.22%,58.15%,3.95,3.75
plato de ducha,1343,702,10162,6564,13.22%,10.69%,1.42,2.22
estanterias,1334,916,16261,11433,8.2%,8.01%,2.44,2.28
azulejos baño,1319,767,11463,7030,11.51%,10.91%,2.96,3.1
calentador de agua,1267,859,11967,9533,10.59%,9.01%,3.15,2.68
calentadores de gas,1267,1010,8661,7070,14.63%,14.29%,2.08,1.67
mamparas de baño,1243,623,10847,7221,11.46%,8.63%,2.72,3.18
espuma de poliuretano,1241,651,10480,7946,11.84%,8.19%,3.61,5.08
zapateros,1225,629,18503,13016,6.62%,4.83%,3.34,3.43
papel pintado ikea,1224,603,4835,2704,25.32%,22.3%,1.01,1.03
puerta corredera,1219,621,11078,8170,11%,7.6%,1.86,1.84
pintura a la tiza,1190,679,9495,6399,12.53%,10.61%,3.77,3.63
aislante termico,1177,874,7288,5554,16.15%,15.74%,3.08,2.73
aire acondicionado portatil,1176,602,10218,6597,11.51%,9.13%,6.17,8.45
ventiladores de techo,1166,492,9432,5954,12.36%,8.26%,4.1,5.49
suelo laminado,1166,692,8401,5517,13.88%,12.54%,1.32,1.25
puertas,1147,607,13727,9338,8.36%,6.5%,3.62,3.35
mueble baño,1117,763,11343,8104,9.85%,9.42%,2.1,2.07
leriy merlin,1099,777,1422,1040,77.29%,74.71%,2.1,2.34
mampara bañera,1087,695,5091,3544,21.35%,19.61%,1.04,1.06
mesas de cocina,1065,719,12562,9071,8.48%,7.93%,3.42,3.86
tela asfaltica,1064,436,5870,4080,18.13%,10.69%,2.33,3.76
suelos vinilicos,1057,505,7275,4580,14.53%,11.03%,3.46,3.41
placas de pladur,1057,600,2662,1688,39.71%,35.55%,1.1,1.03
leory merlin,1049,785,1508,1086,69.56%,72.28%,3.65,3.74
estufas de parafina,1023,604,4336,3920,23.59%,15.41%,1.05,1.59
estufa de gas,1022,848,8206,7699,12.45%,11.01%,1.47,1.59
extractor baño,1017,685,5054,3832,20.12%,17.88%,1.54,1.56
camaras de vigilancia,991,846,16147,15045,6.14%,5.62%,4.21,3.72
extractor cocina,976,703,9408,7337,10.37%,9.58%,1.41,1.35
perchero de pie,975,177,10475,4190,9.31%,4.22%,3.31,9.16
compresor de aire,970,950,12875,12495,7.53%,7.6%,3.9,3.84
tendedero,970,725,12025,8890,8.07%,8.16%,1.85,1.56
armarios,965,653,20160,15225,4.79%,4.29%,4.05,3.37
accesorios baño,938,529,8829,6337,10.62%,8.35%,3.12,3.52
escaleras de aluminio,920,693,8100,6503,11.36%,10.66%,2.95,3.37
lampara de pie,919,788,11894,9744,7.73%,8.09%,3.44,3.2
copopren,919,680,3153,2530,29.15%,26.88%,1.13,1.18
radiadores electricos,910,528,8242,7139,11.04%,7.4%,1.76,2.78
chimeneas electricas,896,496,11298,11328,7.93%,4.38%,2.52,3.61
muebles cocina,871,497,6715,5003,12.97%,9.93%,4.3,4.85
pellets,866,602,14716,11891,5.88%,5.06%,4.13,4.21
cuadros,864,482,26627,18898,3.24%,2.55%,4.28,5.49
calentadores de gas butano,864,520,5000,3458,17.28%,15.04%,1.12,1.69
funda nordica,844,733,17603,10988,4.79%,6.67%,3.8,3.45
armario escobero,838,488,4703,3085,17.82%,15.82%,1.16,1.25
bloques de hormigon,835,628,5068,3792,16.48%,16.56%,2.91,2.79
mamparas de bañera,834,488,3846,2724,21.68%,17.91%,1.04,1.08
bañeras,826,444,7182,4993,11.5%,8.89%,2.49,2.92
caldera de pellets,825,679,4704,4339,17.54%,15.65%,2.06,2.04
plantas artificiales,821,430,9426,5619,8.71%,7.65%,3.87,3.43
tarima flotante,820,304,12617,8576,6.5%,3.54%,5.65,7
calentador de agua electrico,812,635,6346,5323,12.8%,11.93%,3.73,3.23
ladrillo refractario,805,679,3177,2521,25.34%,26.93%,4.15,4.38
fregaderos,795,447,6450,4271,12.33%,10.47%,2.13,2.03
pladur,793,583,19085,12541,4.16%,4.65%,6.36,6.75
radiador electrico,791,370,7751,6339,10.21%,5.84%,1.75,2.9
poliestireno extruido,789,545,5746,3908,13.73%,13.95%,3.44,3.4
parquet,783,341,12416,8737,6.31%,3.9%,3.88,4.07
descalcificador,781,611,7810,6084,10%,10.04%,2.65,2.92
percheros de pie,775,141,9102,3565,8.51%,3.96%,3.95,9.35
apliques de pared,770,477,11320,8444,6.8%,5.65%,1.78,2.08
escritorio,763,577,17016,13372,4.48%,4.31%,5.89,6.34
friso pared,748,471,3141,2076,23.81%,22.69%,1.66,1.8
barbacoas de obra,747,461,6037,3977,12.37%,11.59%,1.27,1.69
espejos de baño,746,342,6855,4541,10.88%,7.53%,2.7,3.17
estufa de leña,733,610,8205,7806,8.93%,7.81%,1.44,1.08
estufas de pellet,724,433,3792,3030,19.09%,14.29%,1.33,1.12
masilla para madera,723,364,4500,2960,16.07%,12.3%,3.23,3.71
burlete puerta,718,504,5657,3998,12.69%,12.61%,1.38,1.39
puertas plegables,717,361,3888,2785,18.44%,12.96%,4.01,3.83
emisor termico,714,338,5623,4208,12.7%,8.03%,1.66,2.3
muebles de baño con lavabo,714,313,5311,3091,13.44%,10.13%,1.5,1.96
caja fuerte,706,607,7405,6876,9.53%,8.83%,2.38,2.68
aire acondicionado por conductos,701,366,3420,2147,20.5%,17.05%,1.34,1.29
radiadores de agua,698,532,4010,3110,17.41%,17.11%,1.34,1.39
ventanas,696,445,9161,6293,7.6%,7.07%,4.41,4.4
calefactor baño,694,586,8878,7470,7.82%,7.84%,2.15,1.88
revestimiento pared pvc,694,311,2679,1659,25.91%,18.75%,2.14,1.99
revestimiento pared,691,361,5960,4231,11.59%,8.53%,2.19,2.22
radiadores,689,465,7463,5783,9.23%,8.04%,2.89,3.52
videoportero,688,538,7225,6564,9.52%,8.2%,3.71,4.23
barbacoa,686,591,12736,10913,5.39%,5.42%,4.08,4.35
lamparas,685,401,15027,12102,4.56%,3.31%,4.14,4.85
calentador de gas,685,479,4555,3846,15.04%,12.45%,1.7,1.43
chimenea bioetanol,678,658,5038,5216,13.46%,12.62%,1.33,1.42
alfombra vinilica,676,363,3879,2904,17.43%,12.5%,1.39,2.12
cocina,674,464,18318,14733,3.68%,3.15%,5.66,6.61
barbacoa de obra,673,414,5274,3858,12.76%,10.73%,1.12,1.74
bañera,672,380,12583,8954,5.34%,4.24%,3.11,3.17
inodoro,671,408,20392,15218,3.29%,2.68%,6.68,7.16
pladur precio,671,288,1882,993,35.65%,29%,1.34,1.56
espejos,663,602,10505,9446,6.31%,6.37%,4.43,4.87
herramientas,661,640,29220,17270,2.26%,3.71%,5.45,3.19
toldos,660,336,9248,5591,7.14%,6.01%,3.78,4.49
suelos laminados,660,368,6953,4437,9.49%,8.29%,3.02,1.68
azulejos cocina,654,410,5569,4147,11.74%,9.89%,2.93,3.1
calentadores electricos,654,532,5182,4601,12.62%,11.56%,3.59,4.18
mamparas ducha,654,352,4758,2988,13.75%,11.78%,1.89,2.09
ingletadora,648,525,7831,7369,8.27%,7.12%,2.24,2.37
atornillador electrico,642,756,5702,6126,11.26%,12.34%,2.58,2.45
sikaflex,635,580,7725,5411,8.22%,10.72%,3.96,2.42
puertas blindadas,631,443,4729,3867,13.34%,11.46%,6.3,6.43
patas para mesas,629,480,4481,3682,14.04%,13.04%,1.7,2.34
cajas de madera,626,426,8409,7018,7.44%,6.07%,3.62,3.21
cojines,625,491,15761,10723,3.97%,4.58%,3.67,4.1
puerta blindada,622,398,3064,2370,20.3%,16.79%,2.08,2.33
hidrolimpiadora,621,498,5981,4612,10.38%,10.8%,1.16,1.23
pintura impermeabilizante,618,403,3100,2383,19.94%,16.91%,3.24,3.51
termostato calefaccion,617,457,4320,4236,14.28%,10.79%,1.28,2.08
estores enrollables,612,344,5800,3848,10.55%,8.94%,1.35,1.22
grifo cocina,611,420,4744,3436,12.88%,12.22%,1.28,1.31
aerotermia,610,836,22807,21233,2.67%,3.94%,11.14,8.03
persianas,610,446,8742,6553,6.98%,6.81%,4.95,4.18
papeles pintados,610,315,7801,4855,7.82%,6.49%,3.12,3.02
alfombras infantiles,608,575,7155,6198,8.5%,9.28%,2.9,2.25
vinilos pared,607,415,14628,10274,4.15%,4.04%,6.14,5.59
caldera de gas,604,452,4065,3196,14.86%,14.14%,1.06,1.06
sillas de cocina,594,430,6819,5088,8.71%,8.45%,2.73,2.81
termo electrico 100 litros,592,389,3283,2493,18.03%,15.6%,1.22,1.41
zapatero,590,564,43822,32578,1.35%,1.73%,7.19,5.83
baños,589,361,19863,12975,2.97%,2.78%,5.51,6.17
mueble lavabo,589,324,4231,2839,13.92%,11.41%,1.2,1.1
lavabo,587,343,17565,12578,3.34%,2.73%,8.06,7.57
termo de gas,586,433,3195,2378,18.34%,18.21%,1.03,1.07
termo electrico 50 litros,583,402,3337,2588,17.47%,15.53%,1.15,1.12
cortinas salon,582,421,11191,7676,5.2%,5.48%,3.81,3.53
calentador de gas butano,578,480,3459,2942,16.71%,16.32%,1.1,1.16
suelos de vinilo,577,363,4001,2629,14.42%,13.81%,2.41,1.07
motosierra,571,577,11472,8768,4.98%,6.58%,4.66,4.25
escritorios,559,521,8584,6656,6.51%,7.83%,5.88,5.18
mosquiteras,554,226,4075,2650,13.6%,8.53%,1.97,2.02
motosierra gasolina,554,500,3195,3438,17.34%,14.54%,2.14,2.41
lerpy merlin,553,455,776,610,71.26%,74.59%,3.01,2.67
piscinas desmontables,547,173,7099,3286,7.71%,5.26%,5.22,6.51
manillas puertas,546,310,3371,2427,16.2%,12.77%,1.07,1.13
fregadero,544,309,8394,5505,6.48%,5.61%,3.51,2.83
percheros de pared,542,174,7822,3395,6.93%,5.13%,3.85,5.19
generador electrico,541,735,9564,10547,5.66%,6.97%,5.93,4.55
perfiles de aluminio,541,358,5482,3917,9.87%,9.14%,5.66,5.3
grifos de ducha,541,319,4072,2920,13.29%,10.92%,1.54,1.74
estufas de butano,540,550,3869,3847,13.96%,14.3%,1.05,1.04
chapa sandwich,539,314,3667,2534,14.7%,12.39%,1.84,2.51
calderas de pellets,539,518,3309,3037,16.29%,17.06%,1.08,1.06
puertas blancas,538,352,5339,3531,10.08%,9.97%,2.91,2.54
encimera cocina,538,377,3191,2121,16.86%,17.77%,1.55,1.45
estanteria,537,347,11836,8241,4.54%,4.21%,3.47,3.48
armario exterior,533,332,3758,2612,14.18%,12.71%,1.25,1.27
barras de cortinas,532,253,4129,2762,12.88%,9.16%,1.91,2.23
cajoneras,531,293,6729,5194,7.89%,5.64%,2.99,4.16
motosierra electrica,524,459,4708,4348,11.13%,10.56%,2.65,2.62
espejos decorativos,523,313,6893,6139,7.59%,5.1%,5.78,6.17
puerta plegable,523,339,3758,2527,13.92%,13.42%,4.34,4.25
estufas de gas butano,522,417,3280,2896,15.91%,14.4%,1.1,1.14
destornillador electrico,521,757,5134,5941,10.15%,12.74%,5.17,3.48
pintura blanca interior,515,324,2038,1438,25.27%,22.53%,1.53,1.8
calentador de agua a gas,514,370,3518,2895,14.61%,12.78%,3.63,3.48
panel sandwich precio,514,169,2110,1320,24.36%,12.8%,1.46,4.83
moqueta,512,316,10037,6774,5.1%,4.66%,3.09,3.32
cubos de basura,512,342,6206,4754,8.25%,7.19%,1.51,1.21
aislante acustico,509,369,3087,2322,16.49%,15.89%,5.88,2.72
columna de ducha,508,336,4339,2837,11.71%,11.84%,1.51,1.65
bañera hidromasaje,507,328,4509,3130,11.24%,10.48%,1.92,1.78
vinilos para muebles,506,286,3696,2223,13.69%,12.87%,3.01,3.15
cajonera,505,243,6654,4712,7.59%,5.16%,3.01,3.4
chimeneas de leña,503,321,10680,9608,4.71%,3.34%,4.98,6.73
tablones de madera,503,342,3676,2830,13.68%,12.08%,3.78,3.78
estufas pellets,503,344,2561,2191,19.64%,15.7%,1.13,1.18
puertas de garaje,502,295,5228,3846,9.6%,7.67%,3.82,3.79
chimeneas,501,404,11669,11356,4.29%,3.56%,4.53,4.72
grifo ducha,501,253,3455,2268,14.5%,11.16%,1.22,1.27
termostato digital,500,294,4655,4163,10.74%,7.06%,3.24,3.45
mesa escritorio,499,458,7078,6005,7.05%,7.63%,4.19,3.26
hormigonera,498,365,4581,3188,10.87%,11.45%,2.32,2.02
perchero,497,344,10112,8009,4.91%,4.3%,3.25,4.47
espejo baño,497,301,5071,3774,9.8%,7.98%,2.85,2.72
muebles de jardin,495,132,5208,2548,9.5%,5.18%,7.39,10.66
bombillas led,494,410,16801,14490,2.94%,2.83%,4.62,4.68
mueble de baño,492,345,5744,4205,8.57%,8.2%,2.64,2.78
alarmas para casa,489,331,7852,6715,6.23%,4.93%,8.15,10.98
papel pared,488,329,3734,2862,13.07%,11.5%,1.32,1.34
modulos de cocina,487,328,2699,1963,18.04%,16.71%,2.29,2.33
estanteria metalica,485,315,5014,3534,9.67%,8.91%,4.27,3.55
taco quimico,484,289,3776,2667,12.82%,10.84%,2.11,2.14
muebles de cocina baratos,483,239,4647,2726,10.39%,8.77%,6.42,7.81
plato ducha,478,272,3577,2631,13.36%,10.34%,1.07,1.42
tablero contrachapado,478,311,2083,1341,22.95%,23.19%,1.33,1.41
encimera,477,330,8470,6132,5.63%,5.38%,4.22,4.02
bomba de agua,475,343,7211,6313,6.59%,5.43%,2.74,3.23
malla metalica,475,287,4415,3167,10.76%,9.06%,3.48,4.28
ventilador de techo,471,239,5605,3444,8.4%,6.94%,4.56,3.74
azulejos,470,199,12745,7482,3.69%,2.66%,7.28,8.24
focos led,470,264,8616,7358,5.45%,3.59%,4.18,6.8
losetas vinilicas pared,469,188,1478,747,31.73%,25.17%,2.7,2.73
felpudos,467,445,3860,3692,12.1%,12.05%,1.45,1.37
barbacoas,466,283,6284,4655,7.42%,6.08%,2.52,2.4
chimenea pellets,466,332,2871,2895,16.23%,11.47%,1.09,1.08
tiradores,464,235,4889,3283,9.49%,7.16%,2.06,2.5
puertas correderas de cristal,464,235,4427,2851,10.48%,8.24%,1.22,1.04
termo electrico 80 litros,463,371,2938,2323,15.76%,15.97%,1.05,1.1
alfombra infantil,462,423,4037,3864,11.44%,10.95%,1.16,1.17
puertas de madera,461,350,7547,8218,6.11%,4.26%,7.63,7.81
puertas interior,461,264,3222,2146,14.31%,12.3%,2.34,2.71
puertas interior ikea,461,209,1953,946,23.6%,22.09%,1.31,1.33
persianas venecianas,460,204,4142,2849,11.11%,7.16%,1.77,2.3
cortinas infantiles,460,138,3958,2055,11.62%,6.72%,4.02,4.14
aire acondicionado con bomba de calor,460,280,2469,1578,18.63%,17.74%,1.18,1.46
botas de seguridad,459,245,6085,4357,7.54%,5.62%,3.33,4.13
sillas cocina,458,326,5320,3786,8.61%,8.61%,3.1,3.09
zapatos de seguridad,457,305,5773,4097,7.92%,7.44%,4.19,4.35
premarco puerta,450,239,1364,807,32.99%,29.62%,1.09,1.13
alfombras de vinilo,449,150,5091,2674,8.82%,5.61%,5.12,6.82
mortero autonivelante,449,341,2608,2106,17.22%,16.19%,3.08,3.17
tubo pvc,448,320,2650,2118,16.91%,15.11%,4.44,5.71
casetas de madera,447,307,5492,4122,8.14%,7.45%,3.13,2.74
mesa cocina,446,268,5786,4166,7.71%,6.43%,3.62,4.95
interruptores de luz,444,223,2730,1867,16.26%,11.94%,1.78,1.57
calefactor,443,548,13864,10502,3.2%,5.22%,3.68,2.31
campanas de cocina,440,253,4240,3082,10.38%,8.21%,6.02,6.84
taladro,438,371,12549,11367,3.49%,3.26%,4.25,4.7
perchero pared,438,148,6460,2972,6.78%,4.98%,2.45,5.25
caseta jardin,436,310,4080,3220,10.69%,9.63%,1.69,1.62
estufa de parafina,435,281,3099,2734,14.04%,10.28%,1.96,2.59
mesa plegable,434,596,16149,20203,2.69%,2.95%,6.68,6.5
pellet,434,346,6303,5823,6.89%,5.94%,4.41,4.18
downlight led,432,184,6934,4657,6.23%,3.95%,4.27,6.1
casetas para perros,431,377,4315,4126,9.99%,9.14%,2.83,3.18
ventanas de aluminio precios,430,241,2538,1822,16.94%,13.23%,3.67,4.13
bombin cerradura,428,278,3031,2143,14.12%,12.97%,1.07,1.1
banco de trabajo,426,361,5047,4738,8.44%,7.62%,2.52,2.01
burlete ventana,426,223,2538,1322,16.78%,16.87%,1.99,2.33
emisores termicos,426,270,2347,1590,18.15%,16.98%,1.6,1.21
telas para tapizar,425,206,4285,2837,9.92%,7.26%,4.12,5.31
estufas,424,355,4818,3977,8.8%,8.93%,8.04,6.97
muebles de baño baratos,423,264,5736,3869,7.37%,6.82%,3.82,3.27
espejo,422,342,22818,18280,1.85%,1.87%,5.65,5.28
tiras de led,422,404,4690,4604,9%,8.77%,3.48,3.26
estanterias madera,421,273,4073,2974,10.34%,9.18%,1.34,1.81
tijeras de podar,420,337,8207,6498,5.12%,5.19%,2.27,2.94
cesto ropa sucia,420,264,5727,3695,7.33%,7.14%,2.22,2.79
espejos de pared,420,342,4926,3892,8.53%,8.79%,3.6,3.2
termostato,419,312,8765,9220,4.78%,3.38%,4.07,6
horno de leña,419,453,5380,5994,7.79%,7.56%,4.31,3.5
cubo basura reciclaje,419,235,3952,3231,10.6%,7.27%,2.75,3.86
papel para paredes,419,183,2726,1368,15.37%,13.38%,2.7,2.17
interruptor,417,212,16557,8447,2.52%,2.51%,6.57,6.59
pergolas,417,226,6328,4328,6.59%,5.22%,5.36,6.28
enchufes,417,240,3966,2709,10.51%,8.86%,3.48,3.71
pintura para suelos,417,270,1639,1198,25.44%,22.54%,1.71,1.48
fregaderos de cocina,416,249,3620,2329,11.49%,10.69%,3.01,3.04
pintura,415,246,11635,8357,3.57%,2.94%,6.57,5.9
felpudo,414,350,8316,8482,4.98%,4.13%,3.9,4.15
descalcificador de agua,414,241,2504,1778,16.53%,13.55%,2.22,2.25
radiadores electricos bajo consumo,413,198,2685,1865,15.38%,10.62%,1.45,3.35
plafones led,412,259,6089,4469,6.77%,5.8%,2.47,1.96
radiador toallero,412,240,3767,2695,10.94%,8.91%,1.02,1.05
lavabos,409,274,6355,4474,6.44%,6.12%,4.11,4.46
cajoneras para armarios,408,215,2190,1391,18.63%,15.46%,1.04,1.03
canaleta cables,407,269,2144,1690,18.98%,15.92%,1.5,1.66
desbrozadora,404,336,10707,10659,3.77%,3.15%,2.99,2.91
estufa de butano,404,382,3379,3391,11.96%,11.27%,1.86,1.57
papel pintado autoadhesivo,404,228,2136,1268,18.91%,17.98%,1.11,1.18
cortinas ikea,403,316,18037,13751,2.23%,2.3%,9.13,8.62
muebles auxiliares de baño,403,235,3060,1951,13.17%,12.05%,1.1,1.09
friso pvc,403,252,1363,860,29.57%,29.3%,1.02,1.01
caldera pellets,400,323,2160,1954,18.52%,16.53%,2.1,2
valla metalica,399,276,3567,2568,11.19%,10.75%,1.37,1.61
contrachapado,398,236,6168,3628,6.45%,6.5%,3.85,4.27
mirilla digital,396,378,4073,4357,9.72%,8.68%,3.13,3.96
termos de gas,393,270,1875,1362,20.96%,19.82%,1.28,1.03
pergola,392,202,9542,7884,4.11%,2.56%,4.43,5.14
rodapie blanco,391,268,2033,1415,19.23%,18.94%,1.61,2.04
corcho pared,390,291,2822,2238,13.82%,13%,1.3,1.37
panel sandwich teja,390,257,2818,2123,13.84%,12.11%,2.3,2.44
suelo radiante electrico,390,267,2570,1777,15.18%,15.03%,3.24,3.16
vinilo suelo,390,157,2017,1210,19.34%,12.98%,1.89,1.07
caja de herramientas,389,387,5367,6895,7.25%,5.61%,3.35,2.78
estufa butano,389,363,2856,2875,13.62%,12.63%,1.28,1.33
cesped artificial barato,389,180,2271,1520,17.13%,11.84%,1.52,1.79
tubo corrugado,387,201,3546,2166,10.91%,9.28%,1.9,2.36
encimeras,385,267,3750,2570,10.27%,10.39%,3.91,4.27
timbre inalambrico,384,360,4206,3491,9.13%,10.31%,3.79,3.45
soldador de estaño,383,327,5322,4720,7.2%,6.93%,3.28,3.19
alcachofa ducha,383,288,4069,3284,9.41%,8.77%,1.01,1
suelos,383,206,3191,2125,12%,9.69%,3.66,3.49
precio pladur,383,203,776,467,49.36%,43.47%,1.01,1.07
flexo,382,341,9137,8592,4.18%,3.97%,2.57,2.52
bombillas inteligentes,381,440,6444,7741,5.91%,5.68%,3.77,3.56
inodoros,380,217,4484,3399,8.47%,6.38%,3.96,5.16
calderas,379,282,5171,4224,7.33%,6.68%,3.71,3.93
puerta corredera cristal,377,219,2877,1990,13.1%,11.01%,1.22,1.05
alfombra,376,342,9721,7832,3.87%,4.37%,5.73,5.6
estufa,376,240,8853,7378,4.25%,3.25%,4.33,4.99
cortinas de baño,375,244,5058,3590,7.41%,6.8%,3.47,5.14
mesas cocina,375,156,3102,1915,12.09%,8.15%,2.99,4.46
mesas plegables,374,374,7896,9263,4.74%,4.04%,5.34,5.96
papel pintado infantil,374,187,3901,1888,9.59%,9.9%,2.05,2.28
mesas escritorio,374,299,2952,2314,12.67%,12.92%,2.5,1.97
mueble auxiliar baño,373,196,3553,2481,10.5%,7.9%,1.14,1.06
cerradura electronica,372,0,6047,0,6.15%,0%,7.23,0
pergola madera,372,243,3612,2450,10.3%,9.92%,2.45,2.54
patas para muebles,371,234,2930,2147,12.66%,10.9%,4.82,5.13
policarbonato,370,224,8480,5856,4.36%,3.83%,5.47,5.6
ventanas de pvc,369,203,3650,2927,10.11%,6.94%,5.6,7.93
malla antihierbas,368,157,2211,1218,16.64%,12.89%,1.78,4.08
pergolas de madera,366,233,8699,5487,4.21%,4.25%,5.99,6.14
amoladora,366,248,6992,5971,5.23%,4.15%,3.34,4.02
cortacesped,366,175,5591,4138,6.55%,4.23%,2.33,2.35
baldas,366,204,4741,3294,7.72%,6.19%,1.99,2.17
bloque de hormigon,365,231,2140,1410,17.06%,16.38%,2.24,2.13
baldas de madera,362,198,2664,1525,13.59%,12.98%,2.01,2.01
friso de madera,362,154,1439,938,25.16%,16.42%,1.26,3.36
espejos baño,361,157,2756,1579,13.1%,9.94%,2.01,2.69
caldera,358,195,6676,4885,5.36%,3.99%,3.23,3.8
cabina de ducha,358,247,2454,1837,14.59%,13.45%,2.25,2.21
burlete,357,150,4089,2054,8.73%,7.3%,2.59,3.32
vallas de madera,357,195,2979,2054,11.98%,9.49%,1.77,1.97
lijadora,356,278,4883,4051,7.29%,6.86%,3.94,4.56
losetas vinilicas,356,203,2091,1219,17.03%,16.65%,2.27,2.27
estacion meteorologica,355,539,8702,10344,4.08%,5.21%,4.32,4.7
ladrillos refractarios,355,111,1441,693,24.64%,16.02%,3.66,7.06
muebles lavabo,354,176,2673,1556,13.24%,11.31%,1.95,1.9
huerto urbano,353,353,6048,6355,5.84%,5.55%,4.8,6.5
mueble zapatero,352,167,5247,3530,6.71%,4.73%,3.6,3.33
cortinas cocina,352,204,5199,3383,6.77%,6.03%,4.75,5.07
aislamiento acustico,350,288,4175,3535,8.38%,8.15%,3.57,3.52
placas pladur,350,222,872,647,40.14%,34.31%,1.12,1.07
lamparas de mesa,349,177,6873,4297,5.08%,4.12%,3.9,4.12
vallas metalicas,349,242,5582,3783,6.25%,6.4%,4.04,3.63
alfombras salon,349,123,5279,3098,6.61%,3.97%,5.44,8.29
calentador gas butano,349,281,1780,1491,19.61%,18.85%,1.13,1.4
puertas exterior,347,211,2058,1535,16.86%,13.75%,2.61,3.57
estores ikea,346,127,16963,7962,2.04%,1.6%,9.5,9.99
rejilla ventilacion,346,247,4243,3188,8.15%,7.75%,1.63,1.74
caseta perro,346,262,3407,3006,10.16%,8.72%,1.97,2.63
antenas tv,345,290,3085,2286,11.18%,12.69%,2.03,1.95
precio ventanas pvc,345,195,1865,1318,18.5%,14.8%,3.08,2.98
armario resina,344,195,2239,1492,15.36%,13.07%,1.16,1.16
pintura anticondensacion,344,162,1596,739,21.55%,21.92%,3.48,2.53
suelos de vinilo ikea,343,150,2273,1177,15.09%,12.74%,2.14,2.08
tablero marino,342,185,1595,1029,21.44%,17.98%,1.93,2.43
barandilla escalera,341,200,3052,1994,11.17%,10.03%,2.07,2.11
radiador de aceite,339,179,10873,7544,3.12%,2.37%,2.76,2.82
cerradura puerta,339,257,5983,4865,5.67%,5.28%,2.63,2.47
molduras de madera,339,195,2924,1960,11.59%,9.95%,5.03,5.18
motor persiana,338,326,3125,2645,10.82%,12.33%,3.18,2.29
tablas de madera,336,210,4824,4313,6.97%,4.87%,5.53,5.63
pintura antimoho,336,149,2519,1270,13.34%,11.73%,4.77,5.89
lerot merlin,336,270,460,376,73.04%,71.81%,2.77,2.5
precio panel sandwich,335,113,1171,657,28.61%,17.2%,1.64,5.38
toalleros electricos,334,216,2061,1463,16.21%,14.76%,1.2,1.52
precio cocina completa,334,175,1091,727,30.61%,24.07%,1.1,1.86
armarios empotrados,332,238,10142,6806,3.27%,3.5%,7.67,7.4
suelo de vinilo,332,170,2055,1472,16.16%,11.55%,2.15,1.89
chimenea de pellets,332,226,2035,1739,16.31%,13%,1.03,1.06
luces led,331,291,14078,17310,2.35%,1.68%,5.26,5.57
mortero hidrofugo,331,101,1153,494,28.71%,20.45%,2.14,3.34
taladro percutor,328,320,6608,6126,4.96%,5.22%,3.21,2.71
cajas fuertes,328,293,3578,3461,9.17%,8.47%,3.92,3.28
azulejos para baños,328,131,3346,1723,9.8%,7.6%,4.29,5.16
tablero madera,328,223,1287,1007,25.49%,22.14%,1.82,2.01
wc,326,217,10196,8933,3.2%,2.43%,7.61,9.91
taladro de columna,326,296,4693,4112,6.95%,7.2%,3.23,2.77
tiradores de cocina,326,211,2587,1933,12.6%,10.92%,2.18,1.93
cortinas para salon,325,211,5781,3477,5.62%,6.07%,4.85,4.52
escaleras de madera,324,233,4857,4117,6.67%,5.66%,3.97,4.35
muebles jardin,324,115,3754,1956,8.63%,5.88%,4.68,6.29
tableros de madera maciza,324,202,1532,1028,21.15%,19.65%,1.05,1.07
tira led,323,295,4461,3884,7.24%,7.6%,3.5,3.31
estanteria baño,323,172,3908,2639,8.27%,6.52%,1.4,1.49
termostato inteligente,323,161,2497,2141,12.94%,7.52%,1.76,2.9
suelos ceramicos,323,188,1701,1047,18.99%,17.96%,1.77,1.89
pintar muebles de cocina,322,202,2002,1152,16.08%,17.53%,3.33,2.9
vinilo adhesivo,321,161,3480,2466,9.22%,6.53%,4.16,5.38
estufa parafina,321,241,2489,2332,12.9%,10.33%,2.09,2.27
laminas decorativas,320,237,7673,5186,4.17%,4.57%,5.07,4.53
armarios roperos,320,130,4102,2690,7.8%,4.83%,1.02,1.03
placa pladur,319,180,647,414,49.3%,43.48%,1.17,1.02
piscinas,318,194,8820,5097,3.61%,3.81%,4.95,5.48
espejos ikea,317,264,13965,12494,2.27%,2.11%,6.26,6.48
hornos de leña,316,277,4671,4951,6.77%,5.59%,4.73,4.89
muebles baño conforama,316,158,3195,1565,9.89%,10.1%,4.49,3.91
motor puerta corredera,316,304,2836,2691,11.14%,11.3%,2.75,2.34
motoazada,314,250,4507,3300,6.97%,7.58%,3.91,3.67
armario baño,314,178,2697,1845,11.64%,9.65%,1.17,1.18
suelo vinilico autoadhesivo,313,141,1489,909,21.02%,15.51%,1.08,1.06
motosierras,312,291,4023,3603,7.76%,8.08%,3.94,5.45
losetas vinilicas adhesivas pared,309,192,1362,804,22.69%,23.88%,2.31,2.05
madera,308,208,15910,9904,1.94%,2.1%,4.14,4.51
aerotermia precio,308,249,2711,2065,11.36%,12.06%,4.05,3.71
cubre vitroceramica,308,203,2351,1965,13.1%,10.33%,3.99,4.58
plato de ducha de resina,306,210,3207,2050,9.54%,10.24%,3.22,2.2
medidor laser,306,212,2988,2498,10.24%,8.49%,3.04,3.68
césped artificial,306,146,2104,1482,14.54%,9.85%,1.89,2.36
tablero dm,306,174,1532,916,19.97%,19%,2.63,2.91
puerta acorazada,305,221,3211,2300,9.5%,9.61%,4.6,4.86
estores infantiles,304,157,2445,1292,12.43%,12.15%,1.92,1.47
alfombra cocina,304,201,2354,1520,12.91%,13.22%,1.09,1.22
estufa de gas butano,304,251,2054,1866,14.8%,13.45%,1.18,1.15
radiadores de aceite,303,155,4773,2828,6.35%,5.48%,2.43,2.38
tendederos de ropa,303,232,3685,3210,8.22%,7.23%,2.87,3.48
armarios de baño,303,149,2547,1692,11.9%,8.81%,2.44,2.16
cuadros ikea,302,236,10628,7987,2.84%,2.95%,8.99,8.97
aislamiento termico,302,259,4664,3355,6.48%,7.72%,5.23,4.13
ventanas aluminio,302,174,2777,2082,10.88%,8.36%,5.26,7.02
tapa contador luz,302,162,1561,1013,19.35%,15.99%,1.01,1
ruedas para muebles,301,137,2737,1870,11%,7.33%,4.58,7.73
paneles japoneses,299,185,7032,4902,4.25%,3.77%,5.99,4.96
ventana pvc,299,195,1759,1162,17%,16.78%,3.61,4.24
estufa catalitica,297,190,4279,3581,6.94%,5.31%,4.68,5.58
suelo vinilico cocina,297,118,1415,779,20.99%,15.15%,1.21,1.97
armario,296,245,14533,12337,2.04%,1.99%,5.85,5.29
pintura azulejos baño,296,157,1205,744,24.56%,21.1%,2.32,3.14
puertas de interior precios,295,165,1771,943,16.66%,17.5%,1.19,1.44
lero merlin,295,213,438,313,67.35%,68.05%,3.01,3.77
puertas de interior blancas,294,152,2286,1156,12.86%,13.15%,2.1,2.28
molduras de escayola,294,196,1918,1322,15.33%,14.83%,2.71,2.81
pintura para muebles de cocina,293,166,958,540,30.58%,30.74%,2.59,2.64
pantallas lamparas,291,181,3328,2149,8.74%,8.42%,2.32,2.33
cocinas completas,291,188,1678,1082,17.34%,17.38%,1.41,1.36
alfombras baratas,290,221,7851,5914,3.69%,3.74%,11.45,10.97
portero automatico,290,155,3574,2308,8.11%,6.72%,3.01,3.08
silicona liquida,290,121,3245,1694,8.94%,7.14%,4.34,4.69
aguaplast,289,196,3857,2807,7.49%,6.98%,4.17,4.37
estanterías metálicas,289,176,1995,1414,14.49%,12.45%,2.34,2.46
pintura azulejos,289,188,1571,1000,18.4%,18.8%,2.56,2.41
tornillo de banco,288,216,6889,5238,4.18%,4.12%,6.49,7.92
muebles de lavabo,288,196,2308,1437,12.48%,13.64%,1.47,1.32
pellets precio,288,243,1985,1951,14.51%,12.46%,2.35,2.13
mamparas bañera,288,152,1397,910,20.62%,16.7%,1.07,1.04
mesas de escritorio,286,213,2832,2215,10.1%,9.62%,3.62,4.73
burletes para puertas,286,194,2303,1947,12.42%,9.96%,2.42,2.91
cemento cola,286,172,2020,1148,14.16%,14.98%,2.55,2.42
suelo vinilico click,286,149,1756,992,16.29%,15.02%,3.2,3.02
vinilo para muebles,285,158,1688,955,16.88%,16.54%,2.72,2.3
suelo vinilico baño,285,130,1315,816,21.67%,15.93%,2.07,2.07
encimeras de cocina precios,285,153,1159,889,24.59%,17.21%,1.39,1.55
estufas de pellets precios,285,183,1127,965,25.29%,18.96%,1.04,1.67
depositos de agua,284,209,4375,3062,6.49%,6.83%,3.52,2.18
grifo lavabo,284,160,2012,1258,14.12%,12.72%,1.04,1.46
martillo percutor,283,161,3335,2024,8.49%,7.95%,3.17,3.39
calderas de gas natural,283,212,2728,2215,10.37%,9.57%,1.39,1.48
revestimiento pared madera,282,157,1313,692,21.48%,22.69%,1.18,1.16
pintura pared,282,145,1212,706,23.27%,20.54%,2.94,3.17
aislar ventanas,282,142,1152,781,24.48%,18.18%,2.19,2.28
duchas,281,189,4830,3592,5.82%,5.26%,5.89,5.3
mesa de cocina,281,155,3386,2108,8.3%,7.35%,3.89,4.62
botellero,279,377,4771,5207,5.85%,7.24%,2.15,2.27
borada,279,159,1214,735,22.98%,21.63%,1.65,2.25
caldera gas natural,278,279,1616,1442,17.2%,19.35%,1.09,1.13
friso,277,0,8542,0,3.24%,0%,7.64,0
sillas plegables,277,0,5321,0,5.21%,0%,5.59,0
chimeneas bioetanol,277,238,1892,1987,14.64%,11.98%,2.14,2.82
puerta de entrada,276,165,1895,1275,14.56%,12.94%,2.89,3.06
ventilador techo,276,116,1880,1110,14.68%,10.45%,2.56,2.66
pomos puertas,276,206,1672,1279,16.51%,16.11%,1.47,1.12
calentador butano,275,210,1216,1031,22.62%,20.37%,1.03,1.14
piscina,274,104,11022,6228,2.49%,1.67%,5.05,5.85
niessen zenit,274,0,3479,0,7.88%,0%,2.42,0
plato ducha resina,274,224,2771,2018,9.89%,11.1%,2.04,1.15
estufa pellet,273,205,1953,1776,13.98%,11.54%,1.27,1.23
puerta garaje,273,189,1840,1340,14.84%,14.1%,2.62,2.39
armarios de resina,273,156,1604,1172,17.02%,13.31%,1.01,1.03
pintura para muebles,273,134,1343,790,20.33%,16.96%,3.11,3.2
pistola de silicona,272,239,6460,6048,4.21%,3.95%,4.74,4.8
calzado de seguridad,272,157,4490,2846,6.06%,5.52%,3.3,3.69
bombas de agua,271,152,3487,2772,7.77%,5.48%,3.93,4.52
lámparas de pie,271,183,2520,1953,10.75%,9.37%,1.82,2.41
espuma poliuretano,271,171,2187,1491,12.39%,11.47%,7.16,10.17
suelo radiante,270,149,10626,6976,2.54%,2.14%,9.99,11.65
puerta,270,157,6722,4880,4.02%,3.22%,4.77,5.01
papel para muebles,270,127,1101,548,24.52%,23.18%,1.44,1.42
maletin de herramientas,268,340,3316,4377,8.08%,7.77%,1.56,1.37
motor puerta garaje,268,185,1547,1148,17.32%,16.11%,1.35,1.51
calefactor baño pared,268,206,1470,1200,18.23%,17.17%,1.33,1.19
radiadores de bajo consumo,267,0,2571,0,10.39%,0%,3.77,0
puerta exterior,267,184,1886,1582,14.16%,11.63%,4.23,4.6
cajoneras baratas,266,138,2702,1506,9.84%,9.16%,3.15,3.25
azulejos para cocinas,266,0,1865,0,14.26%,0%,2.57,0
chimenea,265,224,8556,9538,3.1%,2.35%,5.26,4.83
estufa gas,265,205,2169,1884,12.22%,10.88%,2.7,3.58
puertas de cocina,265,144,1944,1239,13.63%,11.62%,3.74,3.87
vallas jardin,265,111,1894,1026,13.99%,10.82%,1.51,1.99
tubos pvc,265,175,1433,977,18.49%,17.91%,5.79,6.66
baul,264,125,7056,3698,3.74%,3.38%,4.08,7.02
interruptores,264,179,2740,1769,9.64%,10.12%,3.51,3.21
telefonillo,264,209,2299,1795,11.48%,11.64%,1.16,1.09
manetas puertas,264,150,1547,958,17.07%,15.66%,1.01,1.02
revestimiento paredes pvc,264,129,1412,736,18.7%,17.53%,1.86,1.21
pintura antihumedad interior,264,0,802,0,32.92%,0%,1.84,0
estor,263,140,6846,4090,3.84%,3.42%,3.14,2.97
nivel laser,263,201,5520,4519,4.76%,4.45%,6.65,7.09
chimeneas de pellets,263,198,1608,1682,16.36%,11.77%,1.11,1.55
pomos y tiradores,263,0,1496,0,17.58%,0%,1.07,0
estores baratos,262,170,6965,4171,3.76%,4.08%,8.44,7.6
papel pintado bricodepot,262,114,1503,660,17.43%,17.27%,3.25,3.38
telas para tapizar sillas,262,147,1460,893,17.95%,16.46%,2.53,2.94
mueble escobero,262,150,1319,914,19.86%,16.41%,1.62,2.1
tendedero de techo,261,223,2029,1835,12.86%,12.15%,1.57,1.09
traviesas de madera,261,197,1199,1006,21.77%,19.58%,1.18,1.24
reloj de pared,259,256,8520,7079,3.04%,3.62%,2.64,3.05
rodapie,258,149,7287,4617,3.54%,3.23%,5.13,5.1
ventana aluminio,258,124,1708,930,15.11%,13.33%,3.3,3.55
aires acondicionados,257,0,3753,0,6.85%,0%,7.37,0
extractores de baño,257,168,1443,930,17.81%,18.06%,2.02,2.26
suelo vinilo,257,134,1336,788,19.24%,17.01%,1.9,1.04
cocina completa,256,136,1238,742,20.68%,18.33%,1.49,1.54
escaleras,255,164,6614,4918,3.86%,3.33%,3.67,3.47
arbol de navidad,255,3117,6311,147429,4.04%,2.11%,5.37,4.25
muebles terraza,255,0,2300,0,11.09%,0%,2.86,0
calentadores de agua electricos,255,163,1484,1220,17.18%,13.36%,3.22,3.52
percheros,254,150,4914,3427,5.17%,4.38%,3.65,4.88
fosa septica,253,187,4954,3266,5.11%,5.73%,5.14,4.93
canalones,253,178,4795,5766,5.28%,3.09%,4.15,4.19
panel sandwich fachada,253,125,1919,1075,13.18%,11.63%,4.25,5.29
cubos reciclaje,252,185,4119,2988,6.12%,6.19%,4.19,4.61
fresadora madera,252,265,2733,2725,9.22%,9.72%,2.28,2.21
aire acondicionado con instalacion,252,134,2191,1158,11.5%,11.57%,4.12,4.74
barra cortina,252,145,2002,1293,12.59%,11.21%,1.34,1.66
emisor termico ceramico,252,141,1626,1148,15.5%,12.28%,1.4,2.09
estufas de bioetanol,252,117,1233,854,20.44%,13.7%,1.58,2.33
carro herramientas,251,178,3093,3080,8.12%,5.78%,2.73,2.84
estanterias de pared,250,162,4301,2947,5.81%,5.5%,3.36,3.06
alfombra yute,250,150,2819,1885,8.87%,7.96%,2.46,2.6
masilla para pared,250,146,2220,2028,11.26%,7.2%,4.84,5.15
encimeras cocina,250,168,1577,951,15.85%,17.67%,1.95,1.88
radiadores calefaccion,250,174,1460,1192,17.12%,14.6%,2.43,4.43
papel adhesivo para muebles,250,124,1213,665,20.61%,18.65%,1.74,1.48
calentador,249,136,5485,4296,4.54%,3.17%,4.67,4.73
lerou merlin,249,194,435,320,57.24%,60.62%,5.67,6.37
remachadora,248,181,6103,5703,4.06%,3.17%,6.15,7.03
detector de humo,248,522,3145,4928,7.89%,10.59%,8.22,4.96
varilla roscada,248,162,2937,1676,8.44%,9.67%,5.23,5.23
cubos de basura reciclaje,248,124,2259,1132,10.98%,10.95%,1.9,2.11
patas mesa,248,201,1526,1361,16.25%,14.77%,1.54,2.13
muebles para baño,247,151,3254,2318,7.59%,6.51%,8.66,8.65
suelos de madera,247,129,2750,1732,8.98%,7.45%,1.94,2.97
focos led techo,247,113,2458,1095,10.05%,10.32%,1.3,2.08
termostato wifi,246,160,7355,7330,3.34%,2.18%,6.91,9.21
rejillas de ventilacion,246,129,2378,1372,10.34%,9.4%,2.85,3.25
aire acondicionado ofertas,245,108,2379,1110,10.3%,9.73%,5.69,5.92
chimenea electrica portatil,244,0,3486,0,7%,0%,2.97,0
puertas de exterior,244,108,1865,1020,13.08%,10.59%,3.38,3.41
estufa de pellet,244,216,1722,1502,14.17%,14.38%,1.15,1.17
puerta blindada precio,244,170,1041,760,23.44%,22.37%,2.11,2.21
pintura suelo garaje,244,180,713,522,34.22%,34.48%,1.14,1.02
andamios,243,145,3252,2213,7.47%,6.55%,3.86,4.89
generador,242,181,7512,5033,3.22%,3.6%,5.77,4.54
chalk paint,242,119,5764,2945,4.2%,4.04%,7.86,8.6
generadores electricos,242,262,2971,3022,8.15%,8.67%,8.21,7.33
platos de ducha de resina,242,174,2803,1770,8.63%,9.83%,3.78,2.56
pintura para madera,241,104,2470,1143,9.76%,9.1%,3.5,3.66
ventanas pvc precios,241,143,1803,1170,13.37%,12.22%,2.67,3.26
tiras led,240,250,4247,4344,5.65%,5.76%,4.81,4.63
pintura blanca,240,131,2214,1301,10.84%,10.07%,5.06,6.02
pergolas jardin,240,0,1499,0,16.01%,0%,2.52,0
precio cesped artificial,240,133,1120,871,21.43%,15.27%,1.58,1.81
soporte tv,239,214,10120,9217,2.36%,2.32%,5.21,5.42
wc roca,239,131,2818,1762,8.48%,7.43%,5.44,7.01
barbacoa de gas,239,178,2224,1928,10.75%,9.23%,1.11,1.32
baldosas baño,239,106,1722,808,13.88%,13.12%,1.45,1.47
ventanas de madera,238,135,3365,2227,7.07%,6.06%,5.42,6.11
calentadores de gas natural,238,121,1147,566,20.75%,21.38%,1.34,1.67
inodoros roca,237,148,4505,2891,5.26%,5.12%,4.42,4.81
ladrillos,237,106,3826,1574,6.19%,6.73%,4.14,4.32
calefactor ceramico,237,181,3069,2156,7.72%,8.4%,2.31,2.3
contraventanas,237,119,1943,1161,12.2%,10.25%,3.96,4.07
vigas decorativas,237,132,1121,655,21.14%,20.15%,1.54,1.49
baldas a medida,237,140,1051,718,22.55%,19.5%,2.03,1.96
caja herramientas,236,205,3203,3818,7.37%,5.37%,2.28,1.65
taladro atornillador,235,232,3242,3555,7.25%,6.53%,2.45,2.2
estufa leña,235,237,2396,2533,9.81%,9.36%,1.43,1.46
puertas de madera interiores,235,102,1848,944,12.72%,10.81%,3.35,4.81
suelo vinilico en rollo,235,121,1330,693,17.67%,17.46%,1.05,1.17
ducha,234,152,9426,5667,2.48%,2.68%,4.1,3.38
grupo electrogeno,234,137,4317,3149,5.42%,4.35%,4.37,5.99
suelos vinilicos ikea,234,0,1373,0,17.04%,0%,2.01,0
puertas para muebles de cocina,234,134,1269,862,18.44%,15.55%,2.45,2.39
laminas para cuadros,233,158,6121,4444,3.81%,3.56%,5.94,5.45
tapa wc,233,166,1931,1577,12.07%,10.53%,2.94,3.09
naturpellet,233,229,1002,1034,23.25%,22.15%,6.97,5.77
visillos,232,122,3678,2386,6.31%,5.11%,2.28,3.22
cocinas de leña,232,172,2807,2563,8.27%,6.71%,4.93,4.19
burletes para ventanas,232,131,1595,1007,14.55%,13.01%,2.94,4.39
pintura interior,232,112,1543,1252,15.04%,8.95%,4.08,4.57
cortasetos,231,136,2693,2319,8.58%,5.86%,3.58,3.71
muebles zapateros,231,0,2636,0,8.76%,0%,1.76,0
timbres para casa,231,170,1186,837,19.48%,20.31%,2.43,2.63
precio placa pladur,231,141,454,283,50.88%,49.82%,1,1.02
mamparas,230,122,5839,3281,3.94%,3.72%,5.04,5.93
accesorios de baño,230,129,4272,2913,5.38%,4.43%,4.86,5.78
alarmas de seguridad,230,180,2677,2247,8.59%,8.01%,7.13,8.81
armario escobero ikea,230,0,1853,0,12.41%,0%,3.47,0
cajas mudanza,230,133,1156,887,19.9%,14.99%,2.94,3.74
pintura para azulejos baño,230,0,1099,0,20.93%,0%,2.7,0
marcos de fotos,229,229,6844,7987,3.35%,2.87%,8.61,8.39
mueble cocina,229,134,2565,1728,8.93%,7.75%,4.06,3.98
tiradores infantiles,229,0,1379,0,16.61%,0%,2.13,0
pintura impermeabilizante exterior,229,0,819,0,27.96%,0%,1.33,0
rodapie pvc,229,165,812,575,28.2%,28.7%,1.82,2.01
calefactor electrico,228,179,4251,3042,5.36%,5.88%,3.98,4.86
paves,228,115,3476,2104,6.56%,5.47%,4.54,4.29
columnas de ducha,228,153,1894,1308,12.04%,11.7%,1.14,1.17
malla ocultacion,228,146,1602,1058,14.23%,13.8%,1.01,1.03
lamas de persianas,228,199,759,664,30.04%,29.97%,1.05,1.03
lamparas de techo led,227,142,3161,2320,7.18%,6.12%,4.36,4.24
chimeneas de bioetanol,227,168,1708,1388,13.29%,12.1%,2.08,2.48
mortero impermeabilizante,227,0,1078,0,21.06%,0%,2.21,0
leory,227,145,342,240,66.37%,60.42%,6.04,7.46
sierra circular,226,267,5522,4754,4.09%,5.62%,6.13,5.1
armarios a medida,226,164,4757,3676,4.75%,4.46%,6.75,5.68
lamparas techo,226,190,3346,2705,6.75%,7.02%,4.01,3.32
vater roca,226,160,2680,1974,8.43%,8.11%,1.42,1.18
mamparas de ducha frontales,226,125,1908,1087,11.84%,11.5%,1.3,1.12
aislante termico pared,226,0,1211,0,18.66%,0%,2.31,0
muebles cocina baratos,224,0,1605,0,13.96%,0%,4.95,0
calzado de seguridad decathlon,224,124,1179,653,19%,18.99%,1.98,2.44
lavabos con mueble,223,133,1719,1028,12.97%,12.94%,2.8,3.58
tablero de madera,223,125,1370,894,16.28%,13.98%,2.56,2.69
tablero aglomerado,223,134,1062,633,21%,21.17%,2.07,2.48
toallero,222,163,4768,3874,4.66%,4.21%,3.4,2.85
cortinas para cocina,222,121,3324,1792,6.68%,6.75%,8.56,8.32
cajas de plastico,222,113,3034,1785,7.32%,6.33%,4.75,6.32
tendedero pared,222,149,1713,1255,12.96%,11.87%,1.36,1.32
domotica,221,249,8777,7714,2.52%,3.23%,7.98,9.52
radiadores bajo consumo,221,180,3467,4065,6.37%,4.43%,5.57,6.66
suelo adhesivo,221,133,805,518,27.45%,25.68%,1.09,1.28
papel pared ikea,221,110,650,305,34%,36.07%,1.03,1.08
grifos cocina,220,139,1678,1180,13.11%,11.78%,1.44,1.38
calefaccion,218,147,6130,4954,3.56%,2.97%,5.47,5.33
lamparas de techo dormitorio,218,149,2664,1987,8.18%,7.5%,3.03,3.3
barbacoa portatil,218,144,2387,2495,9.13%,5.77%,3.25,6.39
tendederos,218,114,2382,1652,9.15%,6.9%,3.26,4.1
encimera madera,218,183,1154,892,18.89%,20.52%,1.37,1.31
encimeras de cocina aglomerado,218,0,948,0,23%,0%,1,0
revestimiento pared adhesivo,218,107,669,339,32.59%,31.56%,1.15,1.19
carro de herramientas,217,210,3575,3736,6.07%,5.62%,3.83,2.97
lijadora orbital,217,174,3441,3379,6.31%,5.15%,4.66,7.11
calentadores de gas precios,217,139,1685,1294,12.88%,10.74%,1.72,2.51
encimeras de cocina baratas,217,132,1419,984,15.29%,13.41%,1.74,1.88
burlete bajo puerta,217,125,1385,889,15.67%,14.06%,1.42,1.48
zocalo cocina,217,170,1318,844,16.46%,20.14%,2.01,1.94
l&m,217,137,488,429,44.47%,31.93%,3.77,4.18
bisagras,216,100,5255,3080,4.11%,3.25%,5.7,5.75
toalleros,216,137,2908,1839,7.43%,7.45%,2.84,2.8
estufas de pellets pequeñas,216,139,1995,1513,10.83%,9.19%,1.07,1.11
suelos ceramicos imitacion madera,216,99,1807,750,11.95%,13.2%,1.28,1.68
encimeras de madera,215,146,1280,876,16.8%,16.67%,1.91,1.84
tendedero plegable,214,142,1996,1559,10.72%,9.11%,3,3.16
tela asfaltica precio,214,0,727,0,29.44%,0%,1.16,0
invernadero,213,210,9000,7291,2.37%,2.88%,6.37,5.97
cubo basura,213,135,2928,2073,7.27%,6.51%,1.58,1.3
fregadero bajo encimera,213,0,2872,0,7.42%,0%,3.35,0
celosia madera,213,122,2613,1830,8.15%,6.67%,1.96,2.05
ventiladores de techo con luz,213,152,1472,1151,14.47%,13.21%,1.94,1.87
vallas de jardin,213,137,1410,1063,15.11%,12.89%,2.09,2.36
estufa bioetanol,213,143,1392,1361,15.3%,10.51%,1.24,2.17
cocinas modulares,213,174,1262,958,16.88%,18.16%,3.97,4.37
suelo ceramico,213,0,894,0,23.83%,0%,1.13,0
sierra de mesa,212,217,2526,2408,8.39%,9.01%,5.06,3.67
suelo exterior,212,104,1127,578,18.81%,17.99%,1.02,1.01
puerta trastero,212,0,636,0,33.33%,0%,1,0
muebles de terraza,211,0,2302,0,9.17%,0%,6.4,0
ventilador de techo con luz,211,113,1911,1051,11.04%,10.75%,3.77,4.03
pasamanos de madera,211,128,1405,1009,15.02%,12.69%,3.68,4.63
deshumidificador equation,211,131,530,406,39.81%,32.27%,1,1
saco de cemento precio,211,106,494,279,42.71%,37.99%,2.31,3.07
lampara techo,210,155,3496,2972,6.01%,5.22%,2.87,2.48
estor enrollable,210,118,2501,1653,8.4%,7.14%,1.18,1.1
grifo de cocina,209,132,1687,1140,12.39%,11.58%,1.72,1.82
bañeras hidromasaje,209,121,1394,912,14.99%,13.27%,1.24,1.27
sierra de calar,207,178,4680,4354,4.42%,4.09%,3.96,4.75
puertas blancas interior,207,140,1498,890,13.82%,15.73%,1.9,2.17
cesped artificial precios,207,0,671,0,30.85%,0%,1.61,0
tejas,206,110,3975,2668,5.18%,4.12%,4.82,5.25
pasamanos,206,120,2998,2017,6.87%,5.95%,3.42,3.96
toldos baratos,206,0,2305,0,8.94%,0%,4.97,0
topes para puertas,206,149,2207,1630,9.33%,9.14%,2.94,2.59
rieles para cortinas,206,114,2176,1440,9.47%,7.92%,5.64,4.22
camaras de vigilancia exterior,206,116,2072,1442,9.94%,8.04%,3.46,4.54
inodoro roca,205,132,3233,2126,6.34%,6.21%,4.34,4.17
mampara de ducha,205,125,1723,1055,11.9%,11.85%,1.75,1.6
grifos de lavabo,205,0,1478,0,13.87%,0%,1.31,0
kit puerta corredera,205,135,1190,873,17.23%,15.46%,1.82,2.82
calentador de butano,205,120,1132,648,18.11%,18.52%,1.03,1.04
papel adhesivo pared,205,0,800,0,25.62%,0%,1.46,0
armario puertas correderas,204,0,3095,0,6.59%,0%,3.97,0
tendedero extensible,204,142,2258,1679,9.03%,8.46%,2.37,2.6
pintura a la tiza colores,204,98,1820,855,11.21%,11.46%,3.26,3.03
radiador,203,265,6550,6097,3.1%,4.35%,5.44,5.1
regleta enchufes,203,141,3043,2331,6.67%,6.05%,2.68,3.31
tendederos de pared,203,0,1410,0,14.4%,0%,1.53,0
celosia,202,126,10080,6142,2%,2.05%,5.72,6.18
aire acondicionado conductos,202,133,1064,974,18.98%,13.66%,1.27,1.51
bisagras puertas,201,164,1606,1405,12.52%,11.67%,1.22,1.18
tiradores cocina,201,105,1555,788,12.93%,13.32%,2.18,2.13
puertas blindadas precios,201,164,992,884,20.26%,18.55%,2.6,2.38
cubos basura reciclaje,200,115,1548,1032,12.92%,11.14%,2.25,3.09
barbacoas de carbon,200,152,1430,1195,13.99%,12.72%,1.24,1.07
tubos de pvc,200,0,1145,0,17.47%,0%,5.73,0
armarios exterior,200,0,1144,0,17.48%,0%,1.12,0
pinturas,199,150,7493,5749,2.66%,2.61%,4.25,3.9
macetas,199,0,4604,0,4.32%,0%,4.88,0
toldo,199,0,3122,0,6.37%,0%,4.01,0
carretilla plegable,199,114,1224,967,16.26%,11.79%,1.52,1.75
tableros a medida,199,0,1099,0,18.11%,0%,1.84,0
lámparas de techo,198,116,3672,2606,5.39%,4.45%,3.02,2.28
papel adhesivo,198,0,1822,0,10.87%,0%,7.51,0
cable electrico,198,138,1724,1245,11.48%,11.08%,4.88,4.76
puertas garaje,198,126,1720,1235,11.51%,10.2%,2.96,2.92
alfombras cocina,198,124,1252,822,15.81%,15.09%,1.33,1.41
netatmo,197,124,10068,8364,1.96%,1.48%,7.52,6.65
manivela puerta,197,0,1562,0,12.61%,0%,1.15,0
postes de madera,197,153,1508,1151,13.06%,13.29%,4.04,3.56
revestimiento pared exterior,197,0,1343,0,14.67%,0%,3.17,0
placa de pladur,197,134,441,322,44.67%,41.61%,1.09,1.37
carretilla de mano,196,171,2698,2121,7.26%,8.06%,3.33,3.71
taladro bateria,196,222,2526,2965,7.76%,7.49%,2.53,1.9
armarios de exterior,196,0,1066,0,18.39%,0%,1.08,0
tela para tapizar,195,109,1360,1090,14.34%,10%,3.13,3.75
puertas correderas precios,195,0,1177,0,16.57%,0%,1.2,0
plafon led,194,129,4312,4287,4.5%,3.01%,7.89,8.44
chapa sandwich precio,194,0,637,0,30.46%,0%,1.23,0
puerta plegable pvc,193,122,1214,744,15.9%,16.4%,3.57,3.32
encimeras laminadas,193,155,1058,855,18.24%,18.13%,1.02,1.02
alfombra vinilo,192,0,1883,0,10.2%,0%,5.15,0
mosquiteras enrollables,192,0,1653,0,11.62%,0%,4.49,0
muebles baño baratos,191,108,2083,1094,9.17%,9.87%,4.1,3.16
calentadores de agua,191,106,1926,1384,9.92%,7.66%,8.48,6.96
tablero madera maciza,191,137,801,579,23.85%,23.66%,1.15,1.1
fresadora,190,189,7668,5950,2.48%,3.18%,7.3,7.5
relojes de pared,190,208,5141,4507,3.7%,4.62%,2.16,1.94
ganchos para colgar,190,0,4074,0,4.66%,0%,3.89,0
cinta doble cara,190,0,2237,0,8.49%,0%,4,0
plafon led cocina,190,137,1536,1055,12.37%,12.99%,1.08,1.58
puerta de garaje,190,0,1486,0,12.79%,0%,3.85,0
puertas entrada exterior,190,0,1361,0,13.96%,0%,1.1,0
puertas de entrada precios,190,116,1003,771,18.94%,15.05%,1.23,1.23
hormigonera electrica,190,104,968,527,19.63%,19.73%,1.08,1.04
carretilla,189,182,9094,6884,2.08%,2.64%,4.59,5.36
lijadora de banda,189,186,4217,3945,4.48%,4.71%,7.5,6.7
estantes de pared,189,124,2784,1685,6.79%,7.36%,3.47,2.92
armario zapatero,189,113,2486,1619,7.6%,6.98%,2.27,2.23
armarios escoberos,189,0,1123,0,16.83%,0%,1.14,0
precios de cocinas completas,189,0,722,0,26.18%,0%,1.05,0
maletin herramientas,188,254,2182,2824,8.62%,8.99%,1.75,1.39
termo electrico a+++,188,144,1413,1175,13.31%,12.26%,1.05,1.04
cubo de basura reciclaje,188,113,1296,819,14.51%,13.8%,1.9,2.26
calentador gas,188,147,1009,823,18.63%,17.86%,1.66,1.58
pintura antigoteras,187,0,661,0,28.29%,0%,1.01,0
mampara,186,102,12717,7911,1.46%,1.29%,7.1,7.27
paneles sandwich,186,142,2126,1521,8.75%,9.34%,3.8,3.85
extractores de cocina,186,0,2109,0,8.82%,0%,3.12,0
platos de ducha antideslizantes,186,0,1610,0,11.55%,0%,2.9,0
panel japones,185,154,3585,2593,5.16%,5.94%,4.84,3.52
radiador electrico bajo consumo,185,131,1936,1661,9.56%,7.89%,3.41,3.95
papel adhesivo muebles,185,0,689,0,26.85%,0%,1.03,0
cortinas baratas,184,151,3273,2521,5.62%,5.99%,7.76,6.55
piscina desmontable,184,0,1974,0,9.32%,0%,3.75,0
mesa de escritorio,184,128,1923,1701,9.57%,7.52%,3.42,3.4
burletes,184,0,1407,0,13.08%,0%,3.7,0
guias para cajones,184,137,1328,867,13.86%,15.8%,2.57,1.76
pasamanos escalera,184,130,1222,797,15.06%,16.31%,2.79,2.96
tapa cuadro electrico,184,0,1100,0,16.73%,0%,1.86,0
aire acondicionado 2x1,184,0,1043,0,17.64%,0%,2.77,0
termoestufa pellets,184,117,658,474,27.96%,24.68%,1.27,1.08
cortinas de cocina,183,0,3903,0,4.69%,0%,6.4,0
riego por goteo,183,0,2760,0,6.63%,0%,9.69,0
tableros,182,142,2262,1483,8.05%,9.58%,4.21,4.57
andamios de aluminio,182,102,1403,818,12.97%,12.47%,2.82,3.44
termo eléctrico,182,110,1188,749,15.32%,14.69%,2.39,1.35
bloque hormigon,182,121,959,544,18.98%,22.24%,2.11,2.03
suelos ceramicos precios,182,0,684,0,26.61%,0%,1,0
pantalla lampara,181,112,1882,1423,9.62%,7.87%,3.21,3.39
perfil aluminio,181,0,1793,0,10.09%,0%,2.7,0
tableros de madera medidas y precios,181,0,1032,0,17.54%,0%,1.12,0
estufas bioetanol,181,0,816,0,22.18%,0%,1.14,0
zapateros ikea,180,0,10464,0,1.72%,0%,9.63,0
fregaderos ikea,180,0,3792,0,4.75%,0%,3.92,0
estufas de leña baratas,180,120,2448,1997,7.35%,6.01%,3.31,5.51
carpa plegable,180,98,1747,1060,10.3%,9.25%,4.32,3.98
lacar muebles,180,111,872,548,20.64%,20.26%,2.2,2.23
placas de pladur precio,180,106,568,305,31.69%,34.75%,1,1.01
papel para pared,179,116,2364,1369,7.57%,8.47%,5.34,5.01
griferia ducha,179,120,1357,782,13.19%,15.35%,2.26,2.14
barbacoas de gas,179,124,1186,977,15.09%,12.69%,1.06,1.09
pinturas antihumedad,179,0,557,0,32.14%,0%,2.59,0
leroimerlin,179,167,375,306,47.73%,54.58%,5.74,7.49
calefactores,178,196,3015,2587,5.9%,7.58%,3.79,4
puertas de paso,178,0,1239,0,14.37%,0%,1.85,0
puerta entrada,178,112,930,671,19.14%,16.69%,1.97,2.01
encimera de madera,178,104,845,540,21.07%,19.26%,2.26,2.17
puerta plegable ikea,178,106,641,362,27.77%,29.28%,1.22,1.83
transpaleta,177,151,4703,3098,3.76%,4.87%,2.65,2.46
estores noche y dia,177,0,2296,0,7.71%,0%,4.25,0
falso techo,177,107,1625,1101,10.89%,9.72%,3.38,2.98
puertas correderas armarios,177,113,1225,756,14.45%,14.95%,3.04,3.98
columna hidromasaje,177,126,1197,886,14.79%,14.22%,1.2,1.21
puertas plegables ikea,177,105,611,380,28.97%,27.63%,1.35,1.99
fluorescente led,176,135,2591,2407,6.79%,5.61%,3.68,4.42
cocina de leña,176,210,1837,2177,9.58%,9.65%,2.83,2.79
chimeneas de gas,176,111,1493,1313,11.79%,8.45%,6.89,6.89
restos de suelos baratos,176,0,1121,0,15.7%,0%,4.71,0
muebles de lavabo pequeños,176,0,844,0,20.85%,0%,1.52,0
puertas plegables pvc,176,0,699,0,25.18%,0%,1.76,0
madera para paredes,176,121,613,449,28.71%,26.95%,1.73,1.66
niessen,175,0,5578,0,3.14%,0%,7.19,0
lavabo sobre encimera,175,131,3811,2569,4.59%,5.1%,6.38,4.64
cortinas baño,175,100,2020,1196,8.66%,8.36%,1.47,1.69
suelo imitacion madera,175,0,1827,0,9.58%,0%,3.4,0
ladrillos de cristal,175,107,1028,676,17.02%,15.83%,3.6,3.62
precio bloque hormigon,175,103,909,543,19.25%,18.97%,2.14,2.18
suelo vinilo adhesivo,175,0,871,0,20.09%,0%,1.01,0
cemento,174,126,4549,3132,3.83%,4.02%,5.89,6.31
puerta corredera madera,174,107,1101,743,15.8%,14.4%,2.41,2.41
cocinas precios,174,0,673,0,25.85%,0%,1.86,0
precio placas de pladur,174,117,329,230,52.89%,50.87%,1.01,1
tiradores ikea,173,110,3422,2206,5.06%,4.99%,5.43,5.88
caja madera,173,139,1867,1712,9.27%,8.12%,2.36,1.98
tablero osb,173,122,1610,1145,10.75%,10.66%,4.41,4.33
ventana,172,0,13045,0,1.32%,0%,6.98,0
percheros pared,172,0,1931,0,8.91%,0%,1.97,0
precio puerta blindada,172,107,669,387,25.71%,27.65%,2.11,1.98
antena tv,171,126,4079,3294,4.19%,3.83%,7.26,7.62
vinilo pared,171,128,3341,2456,5.12%,5.21%,5.75,5.72
termostato inalambrico,171,103,3200,3181,5.34%,3.24%,5.93,8.63
calefactor de pared,171,138,1062,1116,16.1%,12.37%,1.97,2.14
aire acondicionado centralizado,171,0,789,0,21.67%,0%,2.56,0
estanterias de madera,170,98,2981,1712,5.7%,5.72%,3.98,4.31
armarios baño,170,0,1381,0,12.31%,0%,1.85,0
platos ducha,170,100,935,598,18.18%,16.72%,1.18,1.28
cocina barata,170,0,919,0,18.5%,0%,2.85,0
sacos de pellets,170,0,817,0,20.81%,0%,1.5,0
termo de gas butano,170,128,730,625,23.29%,20.48%,1.09,1.12
escalera,169,106,5572,3626,3.03%,2.92%,4.47,4.54
lamparas de techo baratas,169,138,2865,2416,5.9%,5.71%,4.79,4.11
escalera telescopica,169,149,1906,1691,8.87%,8.81%,3.88,3.78
valla de madera,169,0,1518,0,11.13%,0%,1.74,0
motores para persianas,169,111,1432,893,11.8%,12.43%,2.93,2.9
parquet laminado,169,0,1343,0,12.58%,0%,1.91,0
puerta corredera empotrada,169,0,1094,0,15.45%,0%,2.5,0
precio chapa sandwich,169,0,472,0,35.81%,0%,1.15,0
herramientas de jardineria,168,112,2851,2392,5.89%,4.68%,6.04,6.09
bloques de vidrio,168,123,2217,1455,7.58%,8.45%,6.56,6.08
estufas de pellets baratas,167,107,1928,1326,8.66%,8.07%,3.43,4.14
caldera gas,167,132,1310,806,12.75%,16.38%,1.24,1.29
calentador agua electrico,167,154,1272,1125,13.13%,13.69%,5.07,3.75
videoporteros,167,0,1215,0,13.74%,0%,2.01,0
pintura de caucho,167,0,1092,0,15.29%,0%,2.98,0
aireador grifo,167,132,866,629,19.28%,20.99%,1.44,1.77
listones madera,167,0,681,0,24.52%,0%,2.16,0
multiherramienta,166,251,3102,3977,5.35%,6.31%,3.65,3.93
soldador inverter,166,146,2702,2149,6.14%,6.79%,4.45,3.75
termo de agua,166,130,2012,1394,8.25%,9.33%,4.14,3.2
lampara pie,166,146,1800,1760,9.22%,8.3%,2.02,1.91
antihumedad,166,0,1513,0,10.97%,0%,3.69,0
cojines conforama,166,0,1381,0,12.02%,0%,4.77,0
cajonera interior armario,166,0,840,0,19.76%,0%,1.12,0
planta artificial,165,0,1738,0,9.49%,0%,3.43,0
espejos pared,165,156,1412,1400,11.69%,11.14%,1.68,1.55
mecanismo cisterna,165,138,1247,975,13.23%,14.15%,1.75,1.65
aplique espejo baño,165,0,1039,0,15.88%,0%,1.05,0
friso pared ikea,165,0,1026,0,16.08%,0%,2.47,0
perchero de pared,164,0,2907,0,5.64%,0%,3.54,0
cañizo,164,0,2175,0,7.54%,0%,2.81,0
pintar azulejos baño,164,0,1879,0,8.73%,0%,5.76,0
caseta de madera,164,141,1311,1211,12.51%,11.64%,1.98,1.45
suelo ceramico imitacion madera,164,0,879,0,18.66%,0%,1.78,0
compresores de aire,163,184,2726,2634,5.98%,6.99%,7.64,8.01
pomo puerta,163,107,1462,831,11.15%,12.88%,1.81,1.83
puertas de interior baratas,163,0,1332,0,12.24%,0%,4.13,0
chimenea de gas,163,0,1120,0,14.55%,0%,2.33,0
mampara ducha ikea,163,0,1037,0,15.72%,0%,3.45,0
calentador gas natural,163,140,887,667,18.38%,20.99%,2.75,2.82
termo electrico 200 litros,163,0,719,0,22.67%,0%,1.09,0
mueble de cocina,162,0,2786,0,5.81%,0%,6.49,0
ikea papel pintado,162,0,642,0,25.23%,0%,1.69,0
cerradura,161,102,4122,2738,3.91%,3.73%,4.62,5.08
espejo pared,161,158,1681,1752,9.58%,9.02%,2.44,2.2
policarbonato transparente,161,0,1279,0,12.59%,0%,3.98,0
plato de ducha con mampara,161,0,1042,0,15.45%,0%,3.61,0
saco de pellets,161,115,733,613,21.96%,18.76%,1.03,1.13
cemento refractario,161,99,717,465,22.45%,21.29%,6.62,6.83
lamparas de pie ikea,160,126,4741,3201,3.37%,3.94%,6.49,6.06
pintura para metal,160,0,1992,0,8.03%,0%,6.83,0
casetas de jardin baratas,160,0,1445,0,11.07%,0%,1.8,0
tendedero de ropa,159,156,3215,2962,4.95%,5.27%,5.3,5.73
brasero electrico,159,0,2060,0,7.72%,0%,3.95,0
extractores cocina,159,0,1235,0,12.87%,0%,1.42,0
suelos de exterior para terrazas,159,0,1125,0,14.13%,0%,2.03,0
puertas cocina,159,0,814,0,19.53%,0%,2.23,0
cuadro,158,0,18685,0,0.85%,0%,7.05,0
bisagra puerta,158,158,1819,1683,8.69%,9.39%,1.67,1.77
radiador aceite,158,0,1612,0,9.8%,0%,1.58,0
suelo terraza,158,0,964,0,16.39%,0%,1.06,0
suelo vinilico adhesivo,158,0,538,0,29.37%,0%,1.03,0
escalera plegable,157,0,2735,0,5.74%,0%,7.71,0
osmosis agua,157,105,1683,990,9.33%,10.61%,2.75,2.79
sensor de movimiento,156,103,3431,2418,4.55%,4.26%,5.69,7.14
alarmas hogar,156,126,2921,2612,5.34%,4.82%,10.74,10.63
estanteria madera,156,107,1734,1298,9%,8.24%,1.66,1.62
termostatos inteligentes,156,116,1219,955,12.8%,12.15%,1.74,2.02
bombines de seguridad,156,0,863,0,18.08%,0%,1.04,0
ropa de trabajo decathlon,156,0,689,0,22.64%,0%,2.57,0
precio saco cemento,156,0,374,0,41.71%,0%,2.06,0
andamio,155,0,3879,0,4%,0%,4.99,0
liston de madera,155,110,1785,1442,8.68%,7.63%,3.72,3.85
zapatero mueble,154,0,3033,0,5.08%,0%,5.3,0
cubo de basura,154,102,3004,1779,5.13%,5.73%,2.4,2.26
zapateros baratos,154,0,2166,0,7.11%,0%,3.8,0
portarrollos baño,154,0,1907,0,8.08%,0%,2.05,0
escalera escamoteable,154,143,1372,1043,11.22%,13.71%,2.28,2.21
mampara baño,154,106,962,612,16.01%,17.32%,1.67,1.78
premarcos de madera,154,0,437,0,35.24%,0%,1.08,0
tablero,153,117,7855,4527,1.95%,2.58%,6.75,7.72
alarmas,153,0,3727,0,4.11%,0%,6.06,0
taladro percutor bateria,153,148,1694,1899,9.03%,7.79%,1.38,1.4
muebles baño baratos conforama,153,0,1569,0,9.75%,0%,4.6,0
cortina ducha,153,0,1527,0,10.02%,0%,1.49,0
telefonillo fermax,153,0,1496,0,10.23%,0%,3.14,0
cenefas adhesivas,153,0,1228,0,12.46%,0%,3.33,0
precio pellets,153,127,1009,872,15.16%,14.56%,2,1.81
lerey merlin,153,109,188,150,81.38%,72.67%,1.79,1.52
lampara de techo,152,0,2970,0,5.12%,0%,4.96,0
cerraduras,152,0,2198,0,6.92%,0%,3.81,0
lavabos pequeños,152,107,1763,1122,8.62%,9.54%,3.99,3.73
mosquitera,152,0,1447,0,10.5%,0%,2.45,0
tableros para mesas,152,101,686,506,22.16%,19.96%,1.21,1.52
losetas vinilicas pared baño,152,0,678,0,22.42%,0%,5.48,0
cenador,151,0,3119,0,4.84%,0%,3.98,0
ventanas climalit,151,0,2748,0,5.49%,0%,10.31,0
carpas plegables,151,0,2371,0,6.37%,0%,6.77,0
caballetes,151,130,2229,2051,6.77%,6.34%,4.07,3.2
fregadero cocina,151,0,1262,0,11.97%,0%,1.4,0
inodoros baratos,151,0,1248,0,12.1%,0%,3.83,0
puerta acorazada precio,151,0,1063,0,14.21%,0%,3.76,0
revestimiento pared cocina,151,0,643,0,23.48%,0%,1.62,0
lery,151,0,329,0,45.9%,0%,2.71,0
alcayata,150,126,7451,5781,2.01%,2.18%,4.11,4.3
motocultor,150,137,4506,3704,3.33%,3.7%,8.31,9.84
canaleta,150,136,3364,2355,4.46%,5.77%,4.22,4.68
manteles,150,114,2746,2257,5.46%,5.05%,5.38,8.26
rodapies,150,0,2502,0,6%,0%,3.08,0
esmeriladora,150,165,2436,2413,6.16%,6.84%,5.23,4.39
apliques baño,150,125,1902,1464,7.89%,8.54%,1.83,2.14
barra de cortina,150,0,1142,0,13.13%,0%,1.92,0
canaletas cables,150,0,733,0,20.46%,0%,1.23,0
ladrillo caravista,149,100,2110,1140,7.06%,8.77%,5.16,4.64
extractor de baño,149,135,1478,2234,10.08%,6.04%,4.1,6.96
molduras para puertas,149,124,1177,983,12.66%,12.61%,5.15,5.12
calentador electrico de agua,149,177,1044,1019,14.27%,17.37%,2.63,2.35
casetas jardin,149,0,866,0,17.21%,0%,1.17,0
arboles de navidad,0,1068,0,22873,0%,4.67%,0,2.97
luces de navidad,0,965,0,19007,0%,5.08%,0,2.55
adornos navideños,0,821,0,22828,0%,3.6%,0,3.97
decoracion navideña,0,662,0,41440,0%,1.6%,0,6.94
arbol navidad,0,610,0,16636,0%,3.67%,0,1.9
manteles de navidad,0,402,0,5393,0%,7.45%,0,7.19
adornos de navidad,0,385,0,18288,0%,2.11%,0,5.81
guirnalda navidad,0,365,0,8121,0%,4.49%,0,1.28
figuras de belen,0,360,0,3248,0%,11.08%,0,2.47
belenes,0,340,0,10939,0%,3.11%,0,4.93
comprar arbol de navidad,0,320,0,1745,0%,18.34%,0,1.44
bolas de navidad,0,311,0,24261,0%,1.28%,0,4.24
árbol de navidad,0,307,0,27416,0%,1.12%,0,5.53
figuras belen,0,305,0,2306,0%,13.23%,0,1.94
luces navidad exterior,0,267,0,2458,0%,10.86%,0,3.37
arbol de navidad barato,0,258,0,2487,0%,10.37%,0,1.9
árboles de navidad,0,257,0,8390,0%,3.06%,0,3.26
soplador de hojas,0,226,0,3060,0%,7.39%,0,3.74
detectores de humo,0,226,0,1788,0%,12.64%,0,10.06
belen navidad,0,217,0,8303,0%,2.61%,0,2.93
decoracion navidad,0,209,0,5475,0%,3.82%,0,3.88
luces arbol navidad,0,194,0,1272,0%,15.25%,0,1.67
coronas de navidad,0,187,0,4354,0%,4.29%,0,4.43
grapadora electrica,0,186,0,2256,0%,8.24%,0,4.18
espejo de pie,0,184,0,2716,0%,6.77%,0,5.61
luces navidad,0,183,0,3724,0%,4.91%,0,2.4
mantel navidad,0,180,0,2562,0%,7.03%,0,6.56
belen,0,176,0,28441,0%,0.62%,0,6.42
repetidor wifi,0,173,0,15267,0%,1.13%,0,9.07
sierra de cinta,0,172,0,3058,0%,5.62%,0,3.19
termostato equation,0,168,0,375,0%,44.8%,0,1.1
patas para somier,0,167,0,2224,0%,7.51%,0,3.72
compresor,0,166,0,3356,0%,4.95%,0,4.61
plafon,0,161,0,4670,0%,3.45%,0,6.07
espejos de pie,0,157,0,1728,0%,9.09%,0,4.46
moqueta barata,0,157,0,920,0%,17.07%,0,1.98
tren para arbol de navidad,0,156,0,811,0%,19.24%,0,1.75
marcos,0,155,0,11358,0%,1.36%,0,7.09
aki cocentaina,0,151,0,1010,0%,14.95%,0,5.22
altavoz ducha,0,150,0,1280,0%,11.72%,0,4.32
adornos arbol de navidad,0,149,0,1459,0%,10.21%,0,1.55
compostador,0,148,0,1749,0%,8.46%,0,3.88
cassette chimenea,0,147,0,1093,0%,13.45%,0,2.59
belenes navidad,0,146,0,3066,0%,4.76%,0,2.97
botelleros,0,146,0,1933,0%,7.55%,0,1.5
base arbol navidad,0,145,0,1128,0%,12.85%,0,2.14
cajas de herramientas,0,144,0,2187,0%,6.58%,0,4.35
taladros de bateria,0,144,0,1296,0%,11.11%,0,1.3
passepartout,0,143,0,3605,0%,3.97%,0,6.07
sierra circular de mesa,0,142,0,1696,0%,8.37%,0,3.55
desatascador tuberias,0,140,0,3624,0%,3.86%,0,5.89
mortero refractario,0,138,0,457,0%,30.2%,0,1.75
adornos navidad,0,137,0,3769,0%,3.63%,0,4.4
domotica en casa,0,137,0,3068,0%,4.47%,0,7.21
estufa exterior,0,137,0,1392,0%,9.84%,0,1.51
cronotermostato,0,137,0,1053,0%,13.01%,0,1.6
calderas de gasoil,0,136,0,4266,0%,3.19%,0,8.73
equation,0,135,0,1016,0%,13.29%,0,1.68
lijadora electrica,0,134,0,1420,0%,9.44%,0,5
organizador de maquillaje,0,133,0,6042,0%,2.2%,0,11.36
guirnaldas de navidad,0,132,0,4536,0%,2.91%,0,4.63
espejo con luz,0,132,0,2408,0%,5.48%,0,4.91
manilla puerta,0,131,0,940,0%,13.94%,0,1.61
vigas imitacion madera,0,129,0,953,0%,13.54%,0,2.15
tapas de wc,0,128,0,849,0%,15.08%,0,1.99
cepillo electrico madera,0,125,0,929,0%,13.46%,0,2.51
bombilla inteligente,0,124,0,1846,0%,6.72%,0,2.66
hule mesa,0,124,0,1412,0%,8.78%,0,1.05
calderas gas natural,0,124,0,1354,0%,9.16%,0,1.99
luces de navidad exterior,0,124,0,1216,0%,10.2%,0,4.14
reloj pared,0,123,0,3164,0%,3.89%,0,1.57
cable antena tv,0,123,0,1839,0%,6.69%,0,5
flexo led,0,123,0,1039,0%,11.84%,0,2.87
ducha hidromasaje,0,123,0,1010,0%,12.18%,0,1.93
cemento autonivelante,0,123,0,522,0%,23.56%,0,2.42
saco pellets,0,121,0,785,0%,15.41%,0,1.12
calentador de agua a gas butano,0,121,0,623,0%,19.42%,0,1.19
caja fuerte pequeña,0,120,0,1019,0%,11.78%,0,2.63
termos de gas butano,0,120,0,480,0%,25%,0,1.08
junquillo,0,119,0,925,0%,12.86%,0,4.05
radiador electrico pared,0,119,0,696,0%,17.1%,0,1.29
caballete,0,118,0,3753,0%,3.14%,0,4.65
pistola de pintura,0,118,0,1632,0%,7.23%,0,5.07
detector de monoxido de carbono,0,118,0,718,0%,16.43%,0,4.81
motosierras gasolina,0,118,0,706,0%,16.71%,0,1.22
caseta madera,0,117,0,847,0%,13.81%,0,1.34
bombin de seguridad,0,117,0,689,0%,16.98%,0,1.06
termo electrico bajo consumo,0,117,0,637,0%,18.37%,0,1.52
dexter herramientas,0,117,0,541,0%,21.63%,0,1.64
videoportero legrand,0,117,0,428,0%,27.34%,0,1.21
estación meteorológica,0,116,0,1610,0%,7.2%,0,3.32
plafones de techo,0,116,0,1273,0%,9.11%,0,3.82
desague fregadero,0,116,0,1112,0%,10.43%,0,1.9
lámpara de pie,0,114,0,1429,0%,7.98%,0,2.41
detector monoxido de carbono,0,114,0,833,0%,13.69%,0,4.06
maderas,0,113,0,1676,0%,6.74%,0,3.15
funda nórdica,0,113,0,1657,0%,6.82%,0,2.48
cubo reciclaje,0,113,0,1608,0%,7.03%,0,5.38
bioetanol,0,112,0,2283,0%,4.91%,0,5.68
mirillas digitales,0,112,0,969,0%,11.56%,0,2.27
chapa sandwich teja,0,112,0,643,0%,17.42%,0,2.15
termo electrico 30 litros,0,112,0,637,0%,17.58%,0,2.15
barbacoa gas,0,111,0,1052,0%,10.55%,0,1.21
termo electrico bricomart,0,110,0,1293,0%,8.51%,0,5.03
campana cocina,0,110,0,1155,0%,9.52%,0,3.73
tablero mdf,0,110,0,781,0%,14.08%,0,5.17
antena tv exterior,0,110,0,664,0%,16.57%,0,1.77
tesa tk100,0,109,0,833,0%,13.09%,0,3.13
secatoallas electrico,0,109,0,690,0%,15.8%,0,1.22
detector de humos,0,109,0,639,0%,17.06%,0,2.39
belenes de navidad,0,108,0,2636,0%,4.1%,0,3.81
leriy,0,108,0,191,0%,56.54%,0,2.76
parrilla barbacoa,0,107,0,1114,0%,9.61%,0,1.27
caseta perro grande,0,107,0,962,0%,11.12%,0,3.25
soporte tv pared,0,106,0,3497,0%,3.03%,0,5.55
decoracion arbol navidad,0,106,0,2474,0%,4.28%,0,4.3
arbol de navidad natural,0,106,0,1363,0%,7.78%,0,5.65
tendedero techo,0,106,0,919,0%,11.53%,0,1.25
desague lavabo,0,106,0,893,0%,11.87%,0,3.34
precio ventanas aluminio,0,106,0,553,0%,19.17%,0,3.39
letras de madera,0,105,0,1505,0%,6.98%,0,7.2
calderas de gas precios,0,105,0,1046,0%,10.04%,0,3.52
accesorios chimenea,0,105,0,697,0%,15.06%,0,1.94
baul madera,0,104,0,1034,0%,10.06%,0,2.5
aislantes termicos,0,104,0,858,0%,12.12%,0,5.48
recogedor persiana,0,104,0,575,0%,18.09%,0,2.18
alfombra carretera,0,104,0,557,0%,18.67%,0,2.53
suelo pvc,0,104,0,539,0%,19.29%,0,1.22
paneles solares,0,103,0,4288,0%,2.4%,0,10.42
soldador,0,103,0,3065,0%,3.36%,0,4.86
compresor de aire pequeño,0,103,0,1160,0%,8.88%,0,3.31
sifon lavabo,0,103,0,1032,0%,9.98%,0,1.29
comprar belen,0,103,0,416,0%,24.76%,0,1
columna ducha,0,102,0,1056,0%,9.66%,0,1.95
estufa gas butano,0,102,0,985,0%,10.36%,0,2.25
canaletas para cables,0,102,0,748,0%,13.64%,0,4.15
guirnalda,0,101,0,12607,0%,0.8%,0,5.02
estufas electricas,0,101,0,3988,0%,2.53%,0,11.69
sanitarios,0,101,0,1323,0%,7.63%,0,4.78
alfombra salon,0,101,0,1044,0%,9.67%,0,4.58
modulos cocina,0,101,0,505,0%,20%,0,2.14
lienzos,0,100,0,3182,0%,3.14%,0,9.09
regruesadora,0,100,0,734,0%,13.62%,0,2.55
termo gas,0,100,0,470,0%,21.28%,0,1.42
vinilos,0,99,0,5819,0%,1.7%,0,8.89
antena parabolica,0,99,0,3152,0%,3.14%,0,7.7
mesa de trabajo,0,99,0,2117,0%,4.68%,0,7.37
estanterías,0,99,0,1820,0%,5.44%,0,2.36
termo 100 litros,0,99,0,454,0%,21.81%,0,1.12
